timestamp_us,time_since_boot,utc,lat,lon,alt_msl_m,fix_type,satellites_used,eph_m,epv_m,vel_m_s
20471648,0:00:20.472,2021-04-21 06:30:58.600 UTC,63.4170622,10.4082151,66.814,3D,15,3.26,6.98,0.076
20658637,0:00:20.659,2021-04-21 06:30:58.800 UTC,63.4170612,10.4082146,66.692,3D,14,3.23,6.90,0.161
20861638,0:00:20.862,2021-04-21 06:30:59.000 UTC,63.4170601,10.4082149,66.538,3D,14,3.19,6.82,0.058
21055662,0:00:21.056,2021-04-21 06:30:59.200 UTC,63.4170594,10.4082152,66.351,3D,14,3.16,6.74,0.204
21260638,0:00:21.261,2021-04-21 06:30:59.400 UTC,63.4170587,10.4082152,66.205,3D,14,3.13,6.66,0.120
21460691,0:00:21.461,2021-04-21 06:30:59.600 UTC,63.4170578,10.4082156,66.105,3D,14,3.10,6.59,0.056
21660643,0:00:21.661,2021-04-21 06:30:59.800 UTC,63.4170570,10.4082163,65.893,3D,14,3.07,6.51,0.019
21870638,0:00:21.871,2021-04-21 06:31:00.000 UTC,63.4170561,10.4082166,65.606,3D,14,3.04,6.44,0.054
22057748,0:00:22.058,2021-04-21 06:31:00.200 UTC,63.4170553,10.4082164,65.315,3D,14,3.01,6.36,0.190
22256642,0:00:22.257,2021-04-21 06:31:00.400 UTC,63.4170547,10.4082164,65.029,3D,14,2.98,6.29,0.039
22456638,0:00:22.457,2021-04-21 06:31:00.600 UTC,63.4170538,10.4082170,64.854,3D,14,2.96,6.22,0.111
22659639,0:00:22.660,2021-04-21 06:31:00.800 UTC,63.4170531,10.4082173,64.620,3D,14,2.93,6.15,0.085
22858638,0:00:22.859,2021-04-21 06:31:01.000 UTC,63.4170525,10.4082180,64.454,3D,14,2.90,6.09,0.046
23058638,0:00:23.059,2021-04-21 06:31:01.200 UTC,63.4170519,10.4082185,64.283,3D,14,2.88,6.03,0.110
23258638,0:00:23.259,2021-04-21 06:31:01.400 UTC,63.4170513,10.4082189,64.117,3D,14,2.85,5.97,0.082
23457638,0:00:23.458,2021-04-21 06:31:01.600 UTC,63.4170509,10.4082195,63.984,3D,14,2.83,5.91,0.050
23653637,0:00:23.654,2021-04-21 06:31:01.800 UTC,63.4170503,10.4082203,63.889,3D,14,2.80,5.86,0.040
23861638,0:00:23.862,2021-04-21 06:31:02.000 UTC,63.4170499,10.4082204,63.842,3D,14,2.78,5.80,0.275
24058645,0:00:24.059,2021-04-21 06:31:02.200 UTC,63.4170494,10.4082212,63.757,3D,14,2.75,5.75,0.138
24258638,0:00:24.259,2021-04-21 06:31:02.400 UTC,63.4170488,10.4082219,63.604,3D,14,2.73,5.70,0.107
24461639,0:00:24.462,2021-04-21 06:31:02.600 UTC,63.4170483,10.4082223,63.469,3D,14,2.71,5.66,0.036
24663644,0:00:24.664,2021-04-21 06:31:02.800 UTC,63.4170479,10.4082232,63.470,3D,14,2.69,5.61,0.111
24858807,0:00:24.859,2021-04-21 06:31:03.000 UTC,63.4170474,10.4082240,63.444,3D,14,2.67,5.57,0.060
25060638,0:00:25.061,2021-04-21 06:31:03.200 UTC,63.4170471,10.4082248,63.369,3D,14,2.65,5.52,0.061
25261638,0:00:25.262,2021-04-21 06:31:03.400 UTC,63.4170468,10.4082250,63.267,3D,14,2.63,5.48,0.026
25458699,0:00:25.459,2021-04-21 06:31:03.600 UTC,63.4170465,10.4082252,63.165,3D,14,2.61,5.44,0.054
25661638,0:00:25.662,2021-04-21 06:31:03.800 UTC,63.4170463,10.4082254,63.088,3D,14,2.59,5.40,0.072
25863638,0:00:25.864,2021-04-21 06:31:04.000 UTC,63.4170461,10.4082256,63.020,3D,14,2.57,5.36,0.076
26055639,0:00:26.056,2021-04-21 06:31:04.200 UTC,63.4170460,10.4082257,62.959,3D,14,2.55,5.32,0.187
26253639,0:00:26.254,2021-04-21 06:31:04.400 UTC,63.4170458,10.4082265,62.942,3D,14,2.54,5.29,0.070
26458639,0:00:26.459,2021-04-21 06:31:04.600 UTC,63.4170458,10.4082269,62.938,3D,14,2.52,5.26,0.146
26658637,0:00:26.659,2021-04-21 06:31:04.800 UTC,63.4170457,10.4082271,62.977,3D,14,2.51,5.22,0.136
