name,type,value,default,non_default
ASPD_BETA_GATE,int32_t,1,,
ASPD_BETA_NOISE,float,0.30000001192092896,,
ASPD_DO_CHECKS,int32_t,0,,
ASPD_FALLBACK,int32_t,0,,
ASPD_FS_INNOV,float,1.0,,
ASPD_FS_INTEG,float,-1.0,,
ASPD_FS_T1,int32_t,3,,
ASPD_FS_T2,int32_t,100,,
ASPD_PRIMARY,int32_t,1,,
ASPD_SCALE,float,1.0,,
ASPD_SCALE_EST,int32_t,0,,
ASPD_SC_P_NOISE,float,9.999999747378752e-05,,
ASPD_STALL,float,10.0,,
ASPD_TAS_GATE,int32_t,3,,
ASPD_TAS_NOISE,float,1.399999976158142,,
ASPD_W_P_NOISE,float,0.10000000149011612,,
BAT1_A_PER_V,float,31.69194984436035,,
BAT1_CAPACITY,float,30000.0,,
BAT1_I_CHANNEL,int32_t,-1,,
BAT1_N_CELLS,int32_t,6,,
BAT1_R_INTERNAL,float,0.004273504484444857,,
BAT1_SOURCE,int32_t,0,,
BAT1_V_CHANNEL,int32_t,-1,,
BAT1_V_CHARGED,float,4.050000190734863,,
BAT1_V_DIV,float,9.979169845581055,,
BAT1_V_EMPTY,float,3.5,,
BAT1_V_LOAD_DROP,float,0.30000001192092896,,
BAT2_A_PER_V,float,63.86476135253906,,
BAT2_CAPACITY,float,6000.0,,
BAT2_I_CHANNEL,int32_t,-1,,
BAT2_N_CELLS,int32_t,12,,
BAT2_R_INTERNAL,float,0.006172839552164078,,
BAT2_SOURCE,int32_t,0,,
BAT2_V_CHANNEL,int32_t,-1,,
BAT2_V_CHARGED,float,4.050000190734863,,
BAT2_V_DIV,float,18.980270385742188,,
BAT2_V_EMPTY,float,3.5,,
BAT2_V_LOAD_DROP,float,0.30000001192092896,,
BAT_ADC_CHANNEL,int32_t,-1,,
BAT_A_PER_V,float,31.69194984436035,,
BAT_CAPACITY,float,30000.0,,
BAT_CRIT_THR,float,0.5899999737739563,,
BAT_EMERGEN_THR,float,0.07000000029802322,,
BAT_LOW_THR,float,0.6000000238418579,,
BAT_N_CELLS,int32_t,6,,
BAT_R_INTERNAL,float,0.004273504484444857,,
BAT_SOURCE,int32_t,0,,
BAT_V_CHARGED,float,4.050000190734863,,
BAT_V_DIV,float,9.979169845581055,,
BAT_V_EMPTY,float,3.5,,
BAT_V_LOAD_DROP,float,0.30000001192092896,,
BAT_V_OFFS_CURR,float,0.0,,
CAL_ACC0_EN,int32_t,1,,
CAL_ACC0_ID,int32_t,2424842,,
CAL_ACC0_XOFF,float,0.1580352783203125,,
CAL_ACC0_XSCALE,float,0.9996893405914307,,
CAL_ACC0_YOFF,float,-0.04348088800907135,,
CAL_ACC0_YSCALE,float,0.9863880276679993,,
CAL_ACC0_ZOFF,float,0.11832189559936523,,
CAL_ACC0_ZSCALE,float,0.9750135540962219,,
CAL_ACC1_EN,int32_t,1,,
CAL_ACC1_ID,int32_t,3670050,,
CAL_ACC1_XOFF,float,-0.030788423493504524,,
CAL_ACC1_XSCALE,float,0.9998038411140442,,
CAL_ACC1_YOFF,float,-0.015099522657692432,,
CAL_ACC1_YSCALE,float,0.9867531061172485,,
CAL_ACC1_ZOFF,float,-0.10284805297851562,,
CAL_ACC1_ZSCALE,float,0.9795042872428894,,
CAL_ACC2_EN,int32_t,1,,
CAL_ACC2_ID,int32_t,2621474,,
CAL_ACC2_XOFF,float,0.13198232650756836,,
CAL_ACC2_XSCALE,float,0.9966942071914673,,
CAL_ACC2_YOFF,float,-0.05800677463412285,,
CAL_ACC2_YSCALE,float,0.9884952306747437,,
CAL_ACC2_ZOFF,float,0.027906417846679688,,
CAL_ACC2_ZSCALE,float,0.9772089123725891,,
CAL_ACC_PRIME,int32_t,2424842,,
CAL_AIR_CMODEL,int32_t,0,,
CAL_AIR_TUBED_MM,float,1.5,,
CAL_AIR_TUBELEN,float,0.20000000298023224,,
CAL_GYRO0_EN,int32_t,1,,
CAL_GYRO0_ID,int32_t,2424842,,
CAL_GYRO0_XOFF,float,-0.04103894159197807,,
CAL_GYRO0_YOFF,float,0.009200497530400753,,
CAL_GYRO0_ZOFF,float,0.029244439676404,,
CAL_GYRO1_EN,int32_t,1,,
CAL_GYRO1_ID,int32_t,3670050,,
CAL_GYRO1_XOFF,float,0.016587307676672935,,
CAL_GYRO1_YOFF,float,-0.0007046497776173055,,
CAL_GYRO1_ZOFF,float,-0.0064949835650622845,,
CAL_GYRO2_EN,int32_t,1,,
CAL_GYRO2_ID,int32_t,2621474,,
CAL_GYRO2_XOFF,float,-0.005309052765369415,,
CAL_GYRO2_YOFF,float,-0.01731349714100361,,
CAL_GYRO2_ZOFF,float,-0.0010450263507664204,,
CAL_GYRO_PRIME,int32_t,2424842,,
CAL_MAG0_EN,int32_t,0,,
CAL_MAG0_ID,int32_t,589858,,
CAL_MAG0_ROT,int32_t,-1,,
CAL_MAG0_XCOMP,float,0.0,,
CAL_MAG0_XOFF,float,-0.0025363301392644644,,
CAL_MAG0_XSCALE,float,0.9977724552154541,,
CAL_MAG0_YCOMP,float,0.0,,
CAL_MAG0_YOFF,float,-0.2217254787683487,,
CAL_MAG0_YSCALE,float,0.9949896335601807,,
CAL_MAG0_ZCOMP,float,0.0,,
CAL_MAG0_ZOFF,float,0.029088348150253296,,
CAL_MAG0_ZSCALE,float,1.007570743560791,,
CAL_MAG1_EN,int32_t,1,,
CAL_MAG1_ID,int32_t,592905,,
CAL_MAG1_ROT,int32_t,0,,
CAL_MAG1_XCOMP,float,0.0,,
CAL_MAG1_XOFF,float,0.028978176414966583,,
CAL_MAG1_XSCALE,float,0.9911238551139832,,
CAL_MAG1_YCOMP,float,0.0,,
CAL_MAG1_YOFF,float,0.5555028319358826,,
CAL_MAG1_YSCALE,float,0.997218906879425,,
CAL_MAG1_ZCOMP,float,0.0,,
CAL_MAG1_ZOFF,float,-0.38802817463874817,,
CAL_MAG1_ZSCALE,float,1.006635308265686,,
CAL_MAG2_ID,int32_t,0,,
CAL_MAG2_ROT,int32_t,-1,,
CAL_MAG2_XCOMP,float,0.0,,
CAL_MAG2_YCOMP,float,0.0,,
CAL_MAG2_ZCOMP,float,0.0,,
CAL_MAG3_ID,int32_t,0,,
CAL_MAG3_ROT,int32_t,-1,,
CAL_MAG3_XCOMP,float,0.0,,
CAL_MAG3_YCOMP,float,0.0,,
CAL_MAG3_ZCOMP,float,0.0,,
CAL_MAG_COMP_TYP,int32_t,0,,
CAL_MAG_PRIME,int32_t,592905,,
CAL_MAG_SIDES,int32_t,63,,
CAM_CAP_FBACK,int32_t,0,,
CBRK_AIRSPD_CHK,int32_t,0,,
CBRK_BUZZER,int32_t,0,,
CBRK_ENGINEFAIL,int32_t,284953,,
CBRK_FLIGHTTERM,int32_t,121212,,
CBRK_IO_SAFETY,int32_t,0,,
CBRK_RATE_CTRL,int32_t,0,,
CBRK_SUPPLY_CHK,int32_t,0,,
CBRK_USB_CHK,int32_t,0,,
CBRK_VELPOSERR,int32_t,0,,
CBRK_VTOLARMING,int32_t,0,,
COM_ARM_AUTH,int32_t,256010,,
COM_ARM_AUTH_REQ,int32_t,0,,
COM_ARM_CHK_ESCS,int32_t,1,,
COM_ARM_EKF_AB,float,0.002199999988079071,,
COM_ARM_EKF_GB,float,0.0010999999940395355,,
COM_ARM_EKF_HGT,float,1.0,,
COM_ARM_EKF_POS,float,0.5,,
COM_ARM_EKF_VEL,float,0.5,,
COM_ARM_EKF_YAW,float,0.5,,
COM_ARM_IMU_ACC,float,0.699999988079071,,
COM_ARM_IMU_GYR,float,0.25,,
COM_ARM_MAG_ANG,int32_t,30,,
COM_ARM_MAG_STR,int32_t,1,,
COM_ARM_MIS_REQ,int32_t,0,,
COM_ARM_SWISBTN,int32_t,1,,
COM_ARM_WO_GPS,int32_t,1,,
COM_CPU_MAX,float,90.0,,
COM_DISARM_LAND,float,2.0,,
COM_DISARM_PRFLT,float,10.0,,
COM_DL_LOSS_T,int32_t,20,,
COM_EF_C2T,float,5.0,,
COM_EF_THROT,float,0.5,,
COM_EF_TIME,float,10.0,,
COM_FLIGHT_UUID,int32_t,65,,
COM_FLTMODE1,int32_t,8,,
COM_FLTMODE2,int32_t,-1,,
COM_FLTMODE3,int32_t,-1,,
COM_FLTMODE4,int32_t,1,,
COM_FLTMODE5,int32_t,-1,,
COM_FLTMODE6,int32_t,2,,
COM_FLT_PROFILE,int32_t,0,,
COM_HLDL_LOSS_T,int32_t,120,,
COM_HLDL_REG_T,int32_t,0,,
COM_HOME_H_T,float,5.0,,
COM_HOME_V_T,float,10.0,,
COM_KILL_DISARM,float,5.0,,
COM_LKDOWN_TKO,float,3.0,,
COM_LOW_BAT_ACT,int32_t,2,,
COM_MOT_TEST_EN,int32_t,1,,
COM_OBL_ACT,int32_t,0,,
COM_OBL_RC_ACT,int32_t,0,,
COM_OBS_AVOID,int32_t,0,,
COM_OF_LOSS_T,float,0.5,,
COM_POSCTL_NAVL,int32_t,0,,
COM_POS_FS_DELAY,int32_t,30,,
COM_POS_FS_EPH,float,20.0,,
COM_POS_FS_EPV,float,30.0,,
COM_POS_FS_GAIN,int32_t,0,,
COM_POS_FS_PROB,int32_t,1,,
COM_POWER_COUNT,int32_t,1,,
COM_PREARM_MODE,int32_t,1,,
COM_RC_ARM_HYST,int32_t,1000,,
COM_RC_IN_MODE,int32_t,0,,
COM_RC_LOSS_T,float,10.0,,
COM_RC_OVERRIDE,int32_t,1,,
COM_RC_STICK_OV,float,12.0,,
COM_TAKEOFF_ACT,int32_t,0,,
COM_VEL_FS_EVH,float,1.0,,
CP_DELAY,float,0.4000000059604645,,
CP_DIST,float,-1.0,,
CP_GO_NO_DATA,float,0.0,,
CP_GUIDE_ANG,float,30.0,,
DSHOT_CONFIG,int32_t,0,,
DSHOT_TEL_CFG,int32_t,0,,
EKF2_ABIAS_INIT,float,0.20000000298023224,,
EKF2_ABL_ACCLIM,float,25.0,,
EKF2_ABL_GYRLIM,float,3.0,,
EKF2_ABL_LIM,float,0.4000000059604645,,
EKF2_ABL_TAU,float,0.5,,
EKF2_ACC_B_NOISE,float,0.003000000026077032,,
EKF2_ACC_NOISE,float,0.3499999940395355,,
EKF2_AID_MASK,int32_t,1,,
EKF2_ANGERR_INIT,float,0.10000000149011612,,
EKF2_ARSP_THR,float,0.0,,
EKF2_ASPD_MAX,float,20.0,,
EKF2_ASP_DELAY,float,100.0,,
EKF2_AVEL_DELAY,float,5.0,,
EKF2_BARO_DELAY,float,0.0,,
EKF2_BARO_GATE,float,5.0,,
EKF2_BARO_NOISE,float,3.5,,
EKF2_BCOEF_X,float,25.0,,
EKF2_BCOEF_Y,float,25.0,,
EKF2_BETA_GATE,float,5.0,,
EKF2_BETA_NOISE,float,0.30000001192092896,,
EKF2_DECL_TYPE,int32_t,7,,
EKF2_DRAG_NOISE,float,2.5,,
EKF2_EAS_NOISE,float,1.399999976158142,,
EKF2_EVA_NOISE,float,0.05000000074505806,,
EKF2_EVP_GATE,float,5.0,,
EKF2_EVP_NOISE,float,0.10000000149011612,,
EKF2_EVV_GATE,float,3.0,,
EKF2_EVV_NOISE,float,0.10000000149011612,,
EKF2_EV_DELAY,float,175.0,,
EKF2_EV_NOISE_MD,int32_t,0,,
EKF2_EV_POS_X,float,0.0,,
EKF2_EV_POS_Y,float,0.0,,
EKF2_EV_POS_Z,float,0.0,,
EKF2_FUSE_BETA,int32_t,0,,
EKF2_GBIAS_INIT,float,0.10000000149011612,,
EKF2_GND_EFF_DZ,float,0.0,,
EKF2_GND_MAX_HGT,float,0.5,,
EKF2_GPS_CHECK,int32_t,245,,
EKF2_GPS_DELAY,float,110.0,,
EKF2_GPS_MASK,int32_t,0,,
EKF2_GPS_POS_X,float,0.0,,
EKF2_GPS_POS_Y,float,0.0,,
EKF2_GPS_POS_Z,float,0.0,,
EKF2_GPS_P_GATE,float,10.0,,
EKF2_GPS_P_NOISE,float,0.5,,
EKF2_GPS_TAU,float,10.0,,
EKF2_GPS_V_GATE,float,5.0,,
EKF2_GPS_V_NOISE,float,0.30000001192092896,,
EKF2_GSF_TAS,float,15.0,,
EKF2_GYR_B_NOISE,float,0.0010000000474974513,,
EKF2_GYR_NOISE,float,0.014999999664723873,,
EKF2_HDG_GATE,float,2.5999999046325684,,
EKF2_HEAD_NOISE,float,0.30000001192092896,,
EKF2_HGT_MODE,int32_t,0,,
EKF2_IMU_ID,int32_t,0,,
EKF2_IMU_POS_X,float,0.0,,
EKF2_IMU_POS_Y,float,0.0,,
EKF2_IMU_POS_Z,float,0.0,,
EKF2_MAGBIAS_ID,int32_t,592905,,
EKF2_MAGBIAS_X,float,0.0058631617575883865,,
EKF2_MAGBIAS_Y,float,-0.033354200422763824,,
EKF2_MAGBIAS_Z,float,0.0643547847867012,,
EKF2_MAGB_K,float,0.20000000298023224,,
EKF2_MAGB_VREF,float,2.499999993688107e-07,,
EKF2_MAG_ACCLIM,float,0.5,,
EKF2_MAG_B_NOISE,float,9.999999747378752e-05,,
EKF2_MAG_CHECK,int32_t,0,,
EKF2_MAG_DECL,float,3.99082088470459,,
EKF2_MAG_DELAY,float,0.0,,
EKF2_MAG_E_NOISE,float,0.0010000000474974513,,
EKF2_MAG_GATE,float,3.0,,
EKF2_MAG_NOISE,float,0.05000000074505806,,
EKF2_MAG_TYPE,int32_t,0,,
EKF2_MAG_YAWLIM,float,0.25,,
EKF2_MIN_OBS_DT,int32_t,20,,
EKF2_MIN_RNG,float,0.10000000149011612,,
EKF2_MOVE_TEST,float,1.0,,
EKF2_NOAID_NOISE,float,10.0,,
EKF2_NOAID_TOUT,int32_t,5000000,,
EKF2_OF_DELAY,float,5.0,,
EKF2_OF_GATE,float,3.0,,
EKF2_OF_N_MAX,float,0.5,,
EKF2_OF_N_MIN,float,0.15000000596046448,,
EKF2_OF_POS_X,float,0.0,,
EKF2_OF_POS_Y,float,0.0,,
EKF2_OF_POS_Z,float,0.0,,
EKF2_OF_QMIN,int32_t,1,,
EKF2_PCOEF_XN,float,0.0,,
EKF2_PCOEF_XP,float,0.0,,
EKF2_PCOEF_YN,float,0.0,,
EKF2_PCOEF_YP,float,0.0,,
EKF2_PCOEF_Z,float,0.0,,
EKF2_REQ_EPH,float,3.0,,
EKF2_REQ_EPV,float,5.0,,
EKF2_REQ_GPS_H,float,10.0,,
EKF2_REQ_HDRIFT,float,0.10000000149011612,,
EKF2_REQ_NSATS,int32_t,6,,
EKF2_REQ_PDOP,float,2.5,,
EKF2_REQ_SACC,float,0.5,,
EKF2_REQ_VDRIFT,float,0.20000000298023224,,
EKF2_RNG_AID,int32_t,0,,
EKF2_RNG_A_HMAX,float,5.0,,
EKF2_RNG_A_IGATE,float,1.0,,
EKF2_RNG_A_VMAX,float,1.0,,
EKF2_RNG_DELAY,float,5.0,,
EKF2_RNG_GATE,float,5.0,,
EKF2_RNG_NOISE,float,0.10000000149011612,,
EKF2_RNG_PITCH,float,0.0,,
EKF2_RNG_POS_X,float,0.0,,
EKF2_RNG_POS_Y,float,0.0,,
EKF2_RNG_POS_Z,float,0.0,,
EKF2_RNG_SFE,float,0.05000000074505806,,
EKF2_TAS_GATE,float,3.0,,
EKF2_TAU_POS,float,0.25,,
EKF2_TAU_VEL,float,0.25,,
EKF2_TERR_GRAD,float,0.5,,
EKF2_TERR_MASK,int32_t,3,,
EKF2_TERR_NOISE,float,5.0,,
EKF2_WIND_NOISE,float,0.10000000149011612,,
EV_TSK_RC_LOSS,int32_t,0,,
EV_TSK_STAT_DIS,int32_t,0,,
FD_ESCS_EN,int32_t,1,,
FD_EXT_ATS_EN,int32_t,0,,
FD_EXT_ATS_TRIG,int32_t,1900,,
FD_FAIL_P,int32_t,60,,
FD_FAIL_P_TTRI,float,0.30000001192092896,,
FD_FAIL_R,int32_t,60,,
FD_FAIL_R_TTRI,float,0.30000001192092896,,
FW_ACRO_X_MAX,float,90.0,,
FW_ACRO_Y_MAX,float,90.0,,
FW_ACRO_Z_MAX,float,45.0,,
FW_AIRSPD_MAX,float,30.0,,
FW_AIRSPD_MIN,float,19.0,,
FW_AIRSPD_TRIM,float,23.0,,
FW_ARSP_MODE,int32_t,0,,
FW_ARSP_SCALE_EN,int32_t,1,,
FW_BAT_SCALE_EN,int32_t,0,,
FW_CLMBOUT_DIFF,float,10.0,,
FW_DTRIM_P_FLPS,float,0.0,,
FW_DTRIM_P_VMAX,float,0.0,,
FW_DTRIM_P_VMIN,float,0.0,,
FW_DTRIM_R_FLPS,float,0.0,,
FW_DTRIM_R_VMAX,float,0.0,,
FW_DTRIM_R_VMIN,float,0.0,,
FW_DTRIM_Y_VMAX,float,0.0,,
FW_DTRIM_Y_VMIN,float,0.0,,
FW_FLAPERON_SCL,float,0.0,,
FW_FLAPS_LND_SCL,float,1.0,,
FW_FLAPS_SCL,float,1.0,,
FW_FLAPS_TO_SCL,float,0.0,,
FW_GND_SPD_MIN,float,5.0,,
FW_L1_DAMPING,float,0.75,,
FW_L1_PERIOD,float,24.5,,
FW_L1_R_SLEW_MAX,float,40.0,,
FW_LND_AIRSPD_SC,float,1.2999999523162842,,
FW_LND_ANG,float,5.0,,
FW_LND_EARLYCFG,int32_t,1,,
FW_LND_FLALT,float,3.0,,
FW_LND_FL_PMAX,float,15.0,,
FW_LND_FL_PMIN,float,2.5,,
FW_LND_HHDIST,float,15.0,,
FW_LND_HVIRT,float,10.0,,
FW_LND_THRTC_SC,float,1.0,,
FW_LND_TLALT,float,-1.0,,
FW_LND_USETER,int32_t,0,,
FW_MAN_P_MAX,float,45.0,,
FW_MAN_P_SC,float,1.0,,
FW_MAN_R_MAX,float,45.0,,
FW_MAN_R_SC,float,1.0,,
FW_MAN_Y_SC,float,1.0,,
FW_PR_FF,float,0.5,,
FW_PR_I,float,0.10000000149011612,,
FW_PR_IMAX,float,0.4000000059604645,,
FW_PR_P,float,0.07999999821186066,,
FW_PSP_OFF,float,3.0,,
FW_P_LIM_MAX,float,18.0,,
FW_P_LIM_MIN,float,-21.0,,
FW_P_RMAX_NEG,float,60.0,,
FW_P_RMAX_POS,float,60.0,,
FW_P_TC,float,0.4000000059604645,,
FW_RATT_TH,float,0.800000011920929,,
FW_RLL_TO_YAW_FF,float,0.0,,
FW_RR_FF,float,0.5,,
FW_RR_I,float,0.10000000149011612,,
FW_RR_IMAX,float,0.20000000298023224,,
FW_RR_P,float,0.05000000074505806,,
FW_RSP_OFF,float,0.0,,
FW_R_LIM,float,35.0,,
FW_R_RMAX,float,50.0,,
FW_R_TC,float,0.4000000059604645,,
FW_THR_ALT_SCL,float,0.0,,
FW_THR_CRUISE,float,0.6000000238418579,,
FW_THR_IDLE,float,0.15000000596046448,,
FW_THR_LND_MAX,float,1.0,,
FW_THR_MAX,float,1.0,,
FW_THR_MIN,float,0.0,,
FW_THR_SLEW_MAX,float,0.6000000238418579,,
FW_T_CLMB_MAX,float,5.0,,
FW_T_HRATE_FF,float,0.30000001192092896,,
FW_T_HRATE_P,float,0.05000000074505806,,
FW_T_INTEG_GAIN,float,0.10000000149011612,,
FW_T_PTCH_DAMP,float,0.0,,
FW_T_RLL2THR,float,15.0,,
FW_T_SINK_MAX,float,5.0,,
FW_T_SINK_MIN,float,2.0,,
FW_T_SPDWEIGHT,float,1.0,,
FW_T_SPD_OMEGA,float,2.0,,
FW_T_SRATE_P,float,0.019999999552965164,,
FW_T_THRO_CONST,float,8.0,,
FW_T_THR_DAMP,float,0.5,,
FW_T_TIME_CONST,float,5.0,,
FW_T_VERT_ACC,float,7.0,,
FW_WR_FF,float,0.20000000298023224,,
FW_WR_I,float,0.10000000149011612,,
FW_WR_IMAX,float,1.0,,
FW_WR_P,float,0.5,,
FW_W_EN,int32_t,0,,
FW_W_RMAX,float,30.0,,
FW_YR_FF,float,0.30000001192092896,,
FW_YR_I,float,0.10000000149011612,,
FW_YR_IMAX,float,0.20000000298023224,,
FW_YR_P,float,0.05000000074505806,,
FW_Y_RMAX,float,50.0,,
GF_ACTION,int32_t,1,,
GF_ALTMODE,int32_t,0,,
GF_COUNT,int32_t,-1,,
GF_MAX_HOR_DIST,float,0.0,,
GF_MAX_VER_DIST,float,0.0,,
GF_SOURCE,int32_t,0,,
GPS_1_CONFIG,int32_t,201,,
GPS_2_CONFIG,int32_t,0,,
GPS_DUMP_COMM,int32_t,0,,
GPS_UBX_DYNMODEL,int32_t,7,,
GPS_YAW_OFFSET,float,0.0,,
HTE_ACC_GATE,float,3.0,,
HTE_HT_ERR_INIT,float,0.10000000149011612,,
HTE_HT_NOISE,float,0.0005000000237487257,,
IMU_ACCEL_CUTOFF,float,30.0,,
IMU_DGYRO_CUTOFF,float,15.0,,
IMU_GYRO_CUTOFF,float,40.0,,
IMU_GYRO_NF_BW,float,20.0,,
IMU_GYRO_NF_FREQ,float,0.0,,
IMU_GYRO_RATEMAX,int32_t,400,,
IMU_INTEG_RATE,int32_t,200,,
ISBD_CONFIG,int32_t,0,,
LAUN_ALL_ON,int32_t,0,,
LAUN_CAT_A,float,30.0,,
LAUN_CAT_MDEL,float,0.0,,
LAUN_CAT_PMAX,float,30.0,,
LAUN_CAT_T,float,0.05000000074505806,,
LED_RGB_MAXBRT,int32_t,15,,
LIGHT_EN_BLINKM,int32_t,0,,
LNDFW_AIRSPD_MAX,float,8.0,,
LNDMC_ALT_MAX,float,-1.0,,
LNDMC_ROT_MAX,float,20.0,,
LNDMC_XY_VEL_MAX,float,1.5,,
LNDMC_Z_VEL_MAX,float,0.5,,
LND_FLIGHT_T_HI,int32_t,5,,
LND_FLIGHT_T_LO,int32_t,560535533,,
MAV_0_CONFIG,int32_t,101,,
MAV_0_FORWARD,int32_t,1,,
MAV_0_MODE,int32_t,0,,
MAV_0_RADIO_CTL,int32_t,1,,
MAV_0_RATE,int32_t,1200,,
MAV_1_CONFIG,int32_t,102,,
MAV_1_FORWARD,int32_t,0,,
MAV_1_MODE,int32_t,2,,
MAV_1_RADIO_CTL,int32_t,1,,
MAV_1_RATE,int32_t,0,,
MAV_2_CONFIG,int32_t,0,,
MAV_COMP_ID,int32_t,1,,
MAV_FWDEXTSP,int32_t,1,,
MAV_HASH_CHK_EN,int32_t,1,,
MAV_HB_FORW_EN,int32_t,1,,
MAV_ODOM_LP,int32_t,0,,
MAV_PROTO_VER,int32_t,0,,
MAV_RADIO_TOUT,int32_t,5,,
MAV_SIK_RADIO_ID,int32_t,0,,
MAV_SYS_ID,int32_t,1,,
MAV_TYPE,int32_t,22,,
MAV_USEHILGPS,int32_t,0,,
MC_ACRO_EXPO,float,0.6899999976158142,,
MC_ACRO_EXPO_Y,float,0.6899999976158142,,
MC_ACRO_P_MAX,float,720.0,,
MC_ACRO_R_MAX,float,720.0,,
MC_ACRO_SUPEXPO,float,0.699999988079071,,
MC_ACRO_SUPEXPOY,float,0.699999988079071,,
MC_ACRO_Y_MAX,float,540.0,,
MC_AIRMODE,int32_t,1,,
MC_BAT_SCALE_EN,int32_t,0,,
MC_MAN_TILT_TAU,float,0.0,,
MC_PITCHRATE_D,float,0.003000000026077032,,
MC_PITCHRATE_FF,float,0.0,,
MC_PITCHRATE_I,float,0.20000000298023224,,
MC_PITCHRATE_K,float,1.0,,
MC_PITCHRATE_MAX,float,60.0,,
MC_PITCHRATE_P,float,0.15000000596046448,,
MC_PITCH_P,float,6.5,,
MC_PR_INT_LIM,float,0.30000001192092896,,
MC_RATT_TH,float,0.800000011920929,,
MC_ROLLRATE_D,float,0.003000000026077032,,
MC_ROLLRATE_FF,float,0.0,,
MC_ROLLRATE_I,float,0.20000000298023224,,
MC_ROLLRATE_K,float,1.0,,
MC_ROLLRATE_MAX,float,60.0,,
MC_ROLLRATE_P,float,0.15000000596046448,,
MC_ROLL_P,float,6.5,,
MC_RR_INT_LIM,float,0.30000001192092896,,
MC_YAWRATE_D,float,0.0,,
MC_YAWRATE_FF,float,0.0,,
MC_YAWRATE_I,float,0.15000000596046448,,
MC_YAWRATE_K,float,1.0,,
MC_YAWRATE_MAX,float,40.0,,
MC_YAWRATE_P,float,0.30000001192092896,,
MC_YAW_P,float,2.799999952316284,,
MC_YAW_WEIGHT,float,0.4000000059604645,,
MC_YR_INT_LIM,float,0.30000001192092896,,
MIS_ALTMODE,int32_t,1,,
MIS_DIST_1WP,float,900.0,,
MIS_DIST_WPS,float,900.0,,
MIS_LTRMIN_ALT,float,-1.0,,
MIS_MNT_YAW_CTL,int32_t,0,,
MIS_TAKEOFF_ALT,float,20.0,,
MIS_TAKEOFF_REQ,int32_t,0,,
MIS_YAW_ERR,float,12.0,,
MIS_YAW_TMT,float,10.0,,
MNT_MODE_IN,int32_t,-1,,
MOT_ORDERING,int32_t,0,,
MOT_SLEW_MAX,float,0.0,,
MPC_ACC_DOWN_MAX,float,3.0,,
MPC_ACC_HOR,float,3.0,,
MPC_ACC_HOR_MAX,float,2.0,,
MPC_ACC_UP_MAX,float,4.0,,
MPC_ALT_MODE,int32_t,0,,
MPC_DEC_HOR_SLOW,float,5.0,,
MPC_HOLD_DZ,float,0.10000000149011612,,
MPC_HOLD_MAX_XY,float,0.800000011920929,,
MPC_HOLD_MAX_Z,float,0.6000000238418579,,
MPC_JERK_AUTO,float,4.0,,
MPC_JERK_MAX,float,4.5,,
MPC_JERK_MIN,float,8.0,,
MPC_LAND_ALT1,float,5.0,,
MPC_LAND_ALT2,float,2.0,,
MPC_LAND_RC_HELP,int32_t,0,,
MPC_LAND_SPEED,float,1.0,,
MPC_LAND_VEL_XY,float,10.0,,
MPC_MANTHR_MIN,float,0.07999999821186066,,
MPC_MAN_TILT_MAX,float,25.0,,
MPC_MAN_Y_MAX,float,40.0,,
MPC_MAN_Y_TAU,float,0.07999999821186066,,
MPC_POS_MODE,int32_t,3,,
MPC_SPOOLUP_TIME,float,1.5,,
MPC_THR_CURVE,int32_t,0,,
MPC_THR_HOVER,float,0.44999998807907104,,
MPC_THR_MAX,float,1.0,,
MPC_THR_MIN,float,0.11999999731779099,,
MPC_TILTMAX_AIR,float,25.0,,
MPC_TILTMAX_LND,float,12.0,,
MPC_TKO_RAMP_T,float,1.7999999523162842,,
MPC_TKO_SPEED,float,1.0,,
MPC_USE_HTE,int32_t,1,,
MPC_VELD_LP,float,5.0,,
MPC_VEL_MANUAL,float,3.0,,
MPC_XY_CRUISE,float,3.0,,
MPC_XY_MAN_EXPO,float,0.6000000238418579,,
MPC_XY_P,float,0.949999988079071,,
MPC_XY_TRAJ_P,float,0.5,,
MPC_XY_VEL_D_ACC,float,0.20000000298023224,,
MPC_XY_VEL_I_ACC,float,0.4000000059604645,,
MPC_XY_VEL_MAX,float,3.5,,
MPC_XY_VEL_P_ACC,float,1.7999999523162842,,
MPC_YAWRAUTO_MAX,float,40.0,,
MPC_YAW_EXPO,float,0.6000000238418579,,
MPC_YAW_MODE,int32_t,0,,
MPC_Z_MAN_EXPO,float,0.6000000238418579,,
MPC_Z_P,float,1.0,,
MPC_Z_VEL_D_ACC,float,0.0,,
MPC_Z_VEL_I_ACC,float,2.0,,
MPC_Z_VEL_MAX_DN,float,1.5,,
MPC_Z_VEL_MAX_UP,float,2.0,,
MPC_Z_VEL_P_ACC,float,4.0,,
NAV_ACC_RAD,float,3.0,,
NAV_DLL_ACT,int32_t,2,,
NAV_FORCE_VT,int32_t,1,,
NAV_FT_DST,float,8.0,,
NAV_FT_FS,int32_t,1,,
NAV_FT_RS,float,0.5,,
NAV_FW_ALTL_RAD,float,5.0,,
NAV_FW_ALT_RAD,float,10.0,,
NAV_GPSF_LT,float,0.0,,
NAV_GPSF_P,float,0.0,,
NAV_GPSF_R,float,15.0,,
NAV_GPSF_TR,float,0.0,,
NAV_LOITER_RAD,float,100.0,,
NAV_MC_ALT_RAD,float,0.800000011920929,,
NAV_MIN_FT_HT,float,8.0,,
NAV_RCL_ACT,int32_t,0,,
NAV_TRAFF_AVOID,int32_t,1,,
NAV_TRAFF_A_RADM,float,500.0,,
NAV_TRAFF_A_RADU,float,10.0,,
PLD_BTOUT,float,5.0,,
PLD_FAPPR_ALT,float,0.10000000149011612,,
PLD_HACC_RAD,float,0.20000000298023224,,
PLD_MAX_SRCH,int32_t,3,,
PLD_SRCH_ALT,float,10.0,,
PLD_SRCH_TOUT,float,10.0,,
PWM_AUX_DIS1,int32_t,-1,,
PWM_AUX_DIS2,int32_t,-1,,
PWM_AUX_DIS3,int32_t,-1,,
PWM_AUX_DIS4,int32_t,-1,,
PWM_AUX_DIS5,int32_t,-1,,
PWM_AUX_DIS6,int32_t,-1,,
PWM_AUX_DIS7,int32_t,-1,,
PWM_AUX_DIS8,int32_t,-1,,
PWM_AUX_FAIL1,int32_t,-1,,
PWM_AUX_FAIL2,int32_t,-1,,
PWM_AUX_FAIL3,int32_t,-1,,
PWM_AUX_FAIL4,int32_t,-1,,
PWM_AUX_FAIL5,int32_t,-1,,
PWM_AUX_FAIL6,int32_t,-1,,
PWM_AUX_FAIL7,int32_t,-1,,
PWM_AUX_FAIL8,int32_t,-1,,
PWM_AUX_MAX1,int32_t,-1,,
PWM_AUX_MAX2,int32_t,-1,,
PWM_AUX_MAX3,int32_t,-1,,
PWM_AUX_MAX4,int32_t,-1,,
PWM_AUX_MAX5,int32_t,-1,,
PWM_AUX_MAX6,int32_t,-1,,
PWM_AUX_MAX7,int32_t,-1,,
PWM_AUX_MAX8,int32_t,-1,,
PWM_AUX_MIN1,int32_t,-1,,
PWM_AUX_MIN2,int32_t,-1,,
PWM_AUX_MIN3,int32_t,-1,,
PWM_AUX_MIN4,int32_t,-1,,
PWM_AUX_MIN5,int32_t,-1,,
PWM_AUX_MIN6,int32_t,-1,,
PWM_AUX_MIN7,int32_t,-1,,
PWM_AUX_MIN8,int32_t,-1,,
PWM_AUX_REV1,int32_t,0,,
PWM_AUX_REV2,int32_t,0,,
PWM_AUX_REV3,int32_t,0,,
PWM_AUX_REV4,int32_t,0,,
PWM_AUX_REV5,int32_t,0,,
PWM_AUX_REV6,int32_t,0,,
PWM_AUX_TRIM1,float,0.0,,
PWM_AUX_TRIM2,float,0.0,,
PWM_AUX_TRIM3,float,0.0,,
PWM_AUX_TRIM4,float,0.0,,
PWM_AUX_TRIM5,float,0.0,,
PWM_AUX_TRIM6,float,0.0,,
PWM_DISARMED,int32_t,900,,
PWM_MAIN_DIS1,int32_t,-1,,
PWM_MAIN_DIS2,int32_t,-1,,
PWM_MAIN_DIS3,int32_t,1000,,
PWM_MAIN_DIS4,int32_t,-1,,
PWM_MAIN_DIS5,int32_t,-1,,
PWM_MAIN_DIS6,int32_t,-1,,
PWM_MAIN_DIS7,int32_t,-1,,
PWM_MAIN_DIS8,int32_t,-1,,
PWM_MAIN_FAIL1,int32_t,-1,,
PWM_MAIN_FAIL2,int32_t,-1,,
PWM_MAIN_FAIL3,int32_t,-1,,
PWM_MAIN_FAIL4,int32_t,-1,,
PWM_MAIN_FAIL5,int32_t,-1,,
PWM_MAIN_FAIL6,int32_t,-1,,
PWM_MAIN_FAIL7,int32_t,-1,,
PWM_MAIN_FAIL8,int32_t,-1,,
PWM_MAIN_MAX1,int32_t,-1,,
PWM_MAIN_MAX2,int32_t,-1,,
PWM_MAIN_MAX3,int32_t,-1,,
PWM_MAIN_MAX4,int32_t,-1,,
PWM_MAIN_MAX5,int32_t,-1,,
PWM_MAIN_MAX6,int32_t,-1,,
PWM_MAIN_MAX7,int32_t,-1,,
PWM_MAIN_MAX8,int32_t,-1,,
PWM_MAIN_MIN1,int32_t,-1,,
PWM_MAIN_MIN2,int32_t,-1,,
PWM_MAIN_MIN3,int32_t,950,,
PWM_MAIN_MIN4,int32_t,-1,,
PWM_MAIN_MIN5,int32_t,-1,,
PWM_MAIN_MIN6,int32_t,-1,,
PWM_MAIN_MIN7,int32_t,-1,,
PWM_MAIN_MIN8,int32_t,-1,,
PWM_MAIN_REV1,int32_t,0,,
PWM_MAIN_REV2,int32_t,0,,
PWM_MAIN_REV3,int32_t,0,,
PWM_MAIN_REV4,int32_t,0,,
PWM_MAIN_REV5,int32_t,0,,
PWM_MAIN_REV6,int32_t,0,,
PWM_MAIN_REV7,int32_t,0,,
PWM_MAIN_REV8,int32_t,0,,
PWM_MAIN_TRIM1,float,0.0,,
PWM_MAIN_TRIM2,float,0.0,,
PWM_MAIN_TRIM3,float,0.0,,
PWM_MAIN_TRIM4,float,0.0,,
PWM_MAIN_TRIM5,float,0.0,,
PWM_MAIN_TRIM6,float,0.0,,
PWM_MAIN_TRIM7,float,0.0,,
PWM_MAIN_TRIM8,float,0.0,,
PWM_MAX,int32_t,2000,,
PWM_MIN,int32_t,950,,
PWM_RATE,int32_t,400,,
PWM_SBUS_MODE,int32_t,0,,
RBCLW_SER_CFG,int32_t,0,,
RC10_DZ,float,0.0,,
RC10_MAX,float,1995.0,,
RC10_MIN,float,995.0,,
RC10_REV,float,1.0,,
RC10_TRIM,float,1495.0,,
RC11_DZ,float,0.0,,
RC11_MAX,float,2000.0,,
RC11_MIN,float,1000.0,,
RC11_REV,float,1.0,,
RC11_TRIM,float,1500.0,,
RC12_DZ,float,0.0,,
RC12_MAX,float,2000.0,,
RC12_MIN,float,1000.0,,
RC12_REV,float,1.0,,
RC12_TRIM,float,1500.0,,
RC13_DZ,float,0.0,,
RC13_MAX,float,2000.0,,
RC13_MIN,float,1000.0,,
RC13_REV,float,1.0,,
RC13_TRIM,float,1500.0,,
RC14_DZ,float,0.0,,
RC14_MAX,float,1995.0,,
RC14_MIN,float,995.0,,
RC14_REV,float,1.0,,
RC14_TRIM,float,1495.0,,
RC15_DZ,float,0.0,,
RC15_MAX,float,2000.0,,
RC15_MIN,float,1000.0,,
RC15_REV,float,1.0,,
RC15_TRIM,float,1500.0,,
RC16_DZ,float,0.0,,
RC16_MAX,float,2000.0,,
RC16_MIN,float,1000.0,,
RC16_REV,float,1.0,,
RC16_TRIM,float,1500.0,,
RC17_DZ,float,0.0,,
RC17_MAX,float,2000.0,,
RC17_MIN,float,1000.0,,
RC17_REV,float,1.0,,
RC17_TRIM,float,1500.0,,
RC18_DZ,float,0.0,,
RC18_MAX,float,2000.0,,
RC18_MIN,float,1000.0,,
RC18_REV,float,1.0,,
RC18_TRIM,float,1500.0,,
RC1_DZ,float,10.0,,
RC1_MAX,float,1995.0,,
RC1_MIN,float,995.0,,
RC1_REV,float,1.0,,
RC1_TRIM,float,1495.0,,
RC2_DZ,float,10.0,,
RC2_MAX,float,1995.0,,
RC2_MIN,float,995.0,,
RC2_REV,float,1.0,,
RC2_TRIM,float,1495.0,,
RC3_DZ,float,10.0,,
RC3_MAX,float,1995.0,,
RC3_MIN,float,995.0,,
RC3_REV,float,1.0,,
RC3_TRIM,float,995.0,,
RC4_DZ,float,10.0,,
RC4_MAX,float,1995.0,,
RC4_MIN,float,1000.0,,
RC4_REV,float,1.0,,
RC4_TRIM,float,1468.0,,
RC5_DZ,float,10.0,,
RC5_MAX,float,1995.0,,
RC5_MIN,float,995.0,,
RC5_REV,float,1.0,,
RC5_TRIM,float,1495.0,,
RC6_DZ,float,10.0,,
RC6_MAX,float,1995.0,,
RC6_MIN,float,995.0,,
RC6_REV,float,1.0,,
RC6_TRIM,float,1495.0,,
RC7_DZ,float,10.0,,
RC7_MAX,float,1995.0,,
RC7_MIN,float,995.0,,
RC7_REV,float,1.0,,
RC7_TRIM,float,1495.0,,
RC8_DZ,float,10.0,,
RC8_MAX,float,1995.0,,
RC8_MIN,float,995.0,,
RC8_REV,float,1.0,,
RC8_TRIM,float,1495.0,,
RC9_DZ,float,0.0,,
RC9_MAX,float,1995.0,,
RC9_MIN,float,995.0,,
RC9_REV,float,1.0,,
RC9_TRIM,float,1495.0,,
RC_ACRO_TH,float,0.75,,
RC_ARMSWITCH_TH,float,0.75,,
RC_ASSIST_TH,float,0.25,,
RC_AUTO_TH,float,0.75,,
RC_CHAN_CNT,int32_t,18,,
RC_FAILS_THR,int32_t,0,,
RC_GEAR_TH,float,0.75,,
RC_KILLSWITCH_TH,float,0.75,,
RC_LOITER_TH,float,0.75,,
RC_MAN_TH,float,0.75,,
RC_MAP_ACRO_SW,int32_t,0,,
RC_MAP_ARM_SW,int32_t,0,,
RC_MAP_AUX1,int32_t,6,,
RC_MAP_AUX2,int32_t,0,,
RC_MAP_AUX3,int32_t,0,,
RC_MAP_AUX4,int32_t,0,,
RC_MAP_AUX5,int32_t,0,,
RC_MAP_AUX6,int32_t,0,,
RC_MAP_FAILSAFE,int32_t,0,,
RC_MAP_FLAPS,int32_t,0,,
RC_MAP_FLTMODE,int32_t,8,,
RC_MAP_GEAR_SW,int32_t,0,,
RC_MAP_KILL_SW,int32_t,5,,
RC_MAP_LOITER_SW,int32_t,0,,
RC_MAP_MAN_SW,int32_t,0,,
RC_MAP_MODE_SW,int32_t,0,,
RC_MAP_OFFB_SW,int32_t,0,,
RC_MAP_PARAM1,int32_t,0,,
RC_MAP_PARAM2,int32_t,0,,
RC_MAP_PARAM3,int32_t,0,,
RC_MAP_PITCH,int32_t,2,,
RC_MAP_POSCTL_SW,int32_t,0,,
RC_MAP_RATT_SW,int32_t,0,,
RC_MAP_RETURN_SW,int32_t,13,,
RC_MAP_ROLL,int32_t,1,,
RC_MAP_STAB_SW,int32_t,0,,
RC_MAP_SYSID_SW,int32_t,7,,
RC_MAP_THROTTLE,int32_t,3,,
RC_MAP_TRANS_SW,int32_t,12,,
RC_MAP_YAW,int32_t,4,,
RC_OFFB_TH,float,0.75,,
RC_POSCTL_TH,float,0.75,,
RC_RATT_TH,float,0.75,,
RC_RETURN_TH,float,0.75,,
RC_RSSI_PWM_CHAN,int32_t,0,,
RC_RSSI_PWM_MAX,int32_t,1000,,
RC_RSSI_PWM_MIN,int32_t,2000,,
RC_STAB_TH,float,0.5,,
RC_SYSID_TH,float,0.75,,
RC_TRANS_TH,float,0.75,,
RTL_CONE_ANG,int32_t,0,,
RTL_DESCEND_ALT,float,30.0,,
RTL_LAND_DELAY,float,0.0,,
RTL_MIN_DIST,float,5.0,,
RTL_PLD_MD,int32_t,0,,
RTL_RETURN_ALT,float,60.0,,
RTL_TYPE,int32_t,1,,
RWTO_AIRSPD_SCL,float,1.2999999523162842,,
RWTO_HDG,int32_t,0,,
RWTO_MAX_PITCH,float,20.0,,
RWTO_MAX_ROLL,float,25.0,,
RWTO_MAX_THR,float,1.0,,
RWTO_NAV_ALT,float,5.0,,
RWTO_PSP,float,0.0,,
RWTO_RAMP_TIME,float,2.0,,
RWTO_TKOFF,int32_t,0,,
SDLOG_BOOT_BAT,int32_t,0,,
SDLOG_DIRS_MAX,int32_t,0,,
SDLOG_MISSION,int32_t,0,,
SDLOG_MODE,int32_t,0,,
SDLOG_PROFILE,int32_t,11,,
SDLOG_UTC_OFFSET,int32_t,0,,
SDLOG_UUID,int32_t,1,,
SENS_BARO_QNH,float,1013.25,,
SENS_BARO_RATE,float,20.0,,
SENS_BOARD_ROT,int32_t,4,,
SENS_BOARD_X_OFF,float,0.7631901502609253,,
SENS_BOARD_Y_OFF,float,-2.9375879764556885,,
SENS_BOARD_Z_OFF,float,0.0,,
SENS_CM8JL65_CFG,int32_t,0,,
SENS_DPRES_OFF,float,34.62081527709961,,
SENS_EN_BATT,int32_t,0,,
SENS_EN_LL40LS,int32_t,0,,
SENS_EN_MB12XX,int32_t,0,,
SENS_EN_MPDT,int32_t,0,,
SENS_EN_PAW3902,int32_t,0,,
SENS_EN_PGA460,int32_t,0,,
SENS_EN_PMW3901,int32_t,0,,
SENS_EN_PX4FLOW,int32_t,0,,
SENS_EN_SF1XX,int32_t,0,,
SENS_EN_THERMAL,int32_t,0,,
SENS_EN_TRANGER,int32_t,0,,
SENS_EXT_I2C_PRB,int32_t,1,,
SENS_FLOW_MAXHGT,float,3.0,,
SENS_FLOW_MAXR,float,2.5,,
SENS_FLOW_MINHGT,float,0.699999988079071,,
SENS_FLOW_ROT,int32_t,6,,
SENS_LEDDAR1_CFG,int32_t,0,,
SENS_SF0X_CFG,int32_t,0,,
SENS_TFMINI_CFG,int32_t,0,,
SENS_ULAND_CFG,int32_t,0,,
SER_GPS1_BAUD,int32_t,0,,
SER_TEL1_BAUD,int32_t,57600,,
SER_TEL2_BAUD,int32_t,57600,,
SYSID_ACT_AX,int32_t,0,,
SYSID_AUTO_INV,int32_t,1,,
SYSID_ENABLE,int32_t,1,,
SYSID_FSTART_UP,int32_t,0,,
SYSID_IDLE_T_A,float,0.0,,
SYSID_IDLE_T_B,float,0.0,,
SYSID_SIG_TYPE,int32_t,0,,
SYSID_STEP_AMPL,float,0.30000001192092896,,
SYSID_STEP_LNGTH,float,0.5,,
SYSID_SWP_BOTH,int32_t,0,,
SYS_AUTOCONFIG,int32_t,0,,
SYS_AUTOSTART,int32_t,13014,,
SYS_BL_UPDATE,int32_t,0,,
SYS_CAL_ACCEL,int32_t,0,,
SYS_CAL_BARO,int32_t,0,,
SYS_CAL_GYRO,int32_t,0,,
SYS_CAL_TDEL,int32_t,24,,
SYS_CAL_TMAX,int32_t,10,,
SYS_CAL_TMIN,int32_t,5,,
SYS_HAS_BARO,int32_t,1,,
SYS_HAS_MAG,int32_t,1,,
SYS_HITL,int32_t,0,,
SYS_PARAM_VER,int32_t,1,,
SYS_RESTART_TYPE,int32_t,0,,
SYS_STCK_EN,int32_t,1,,
SYS_USE_IO,int32_t,1,,
TC_A_ENABLE,int32_t,0,,
TC_B_ENABLE,int32_t,0,,
TC_G_ENABLE,int32_t,0,,
TEL_BST_EN,int32_t,0,,
TEL_FRSKY_CONFIG,int32_t,0,,
TEL_HOTT_CONFIG,int32_t,0,,
THR_MDL_FAC,float,0.0,,
TRIG_MODE,int32_t,0,,
TRIM_PITCH,float,-0.031020410358905792,,
TRIM_ROLL,float,-0.11061224341392517,,
TRIM_YAW,float,-0.02390715479850769,,
UAVCAN_ENABLE,int32_t,0,,
VT_ARSP_BLEND,float,14.0,,
VT_ARSP_TRANS,float,21.0,,
VT_B_DEC_FF,float,0.11999999731779099,,
VT_B_DEC_I,float,0.10000000149011612,,
VT_B_DEC_MSS,float,1.5,,
VT_B_REV_DEL,float,0.0,,
VT_B_REV_OUT,float,0.0,,
VT_B_TRANS_DUR,float,12.0,,
VT_B_TRANS_RAMP,float,3.0,,
VT_B_TRANS_THR,float,0.0,,
VT_DWN_PITCH_MAX,float,5.0,,
VT_ELEV_MC_LOCK,int32_t,0,,
VT_FWD_THRUST_EN,int32_t,0,,
VT_FWD_THRUST_SC,float,1.2000000476837158,,
VT_FW_ALT_ERR,float,12.0,,
VT_FW_DIFTHR_EN,int32_t,0,,
VT_FW_DIFTHR_SC,float,0.10000000149011612,,
VT_FW_MIN_ALT,float,0.0,,
VT_FW_MOT_OFFID,int32_t,5678,,
VT_FW_PERM_STAB,int32_t,0,,
VT_FW_QC_P,int32_t,0,,
VT_FW_QC_R,int32_t,0,,
VT_F_TRANS_DUR,float,5.0,,
VT_F_TRANS_THR,float,1.0,,
VT_F_TR_OL_TM,float,8.0,,
VT_IDLE_PWM_MC,int32_t,1000,,
VT_MC_ON_FMU,int32_t,0,,
VT_MOT_ID,int32_t,5678,,
VT_PSHER_RMP_DT,float,2.0,,
VT_TRANS_MIN_TM,float,4.0,,
VT_TRANS_TIMEOUT,float,15.0,,
VT_TYPE,int32_t,2,,
WV_EN,int32_t,1,,
WV_GAIN,float,1.0,,
WV_ROLL_MIN,float,1.0,,
WV_YRATE_MAX,float,90.0,,
