timestamp_us,time_since_boot,source,event
19501444,0:00:19.501,land_detector,LANDED
20220673,0:00:20.221,arming_state,ARMED
20220673,0:00:20.221,flight_mode,MANUAL
20220673,0:00:20.221,vehicle_type,ROTARY_WING
20220673,0:00:20.221,rc_signal_lost,False
20220673,0:00:20.221,failsafe,False
20220677,0:00:20.221,actuator_armed,True
20309013,0:00:20.309,logger_dropout,30 ms
22673775,0:00:22.674,land_detector,IN_AIR
22683736,0:00:22.684,log/INFO,[commander] Takeoff detected
23822439,0:00:23.822,land_detector,LANDED
23827776,0:00:23.828,log/INFO,[commander] Landing detected
25829685,0:00:25.830,log/INFO,[commander] Disarmed by landing
25829736,0:00:25.830,arming_state,STANDBY
25829739,0:00:25.830,actuator_armed,False
