topic,multi_id,samples,first_us,last_us,approx_rate_hz
actuator_armed,0,14,20220677,26337654,2.1
actuator_controls_0,0,1812,20327133,26825730,278.7
actuator_controls_1,0,1812,20327133,26825730,278.7
actuator_outputs,0,65,20305329,26727997,10.0
actuator_outputs,1,65,20329151,26727607,10.0
airspeed,0,595,20319245,26822731,91.3
airspeed_validated,0,8,20309013,26309011,1.2
battery_status,0,21,20630667,26630305,3.3
battery_status,1,21,20630671,26630309,3.3
commander_state,0,14,20220678,26337655,2.1
cpuload,0,14,19984817,26484846,2.0
differential_pressure,0,6,21324594,26330426,1.0
differential_pressure,1,6,21329277,26329697,1.0
ekf2_timestamps,0,1297,20488019,26822868,204.6
ekf_gps_drift,0,28,20272947,26661563,4.2
estimator_innovation_test_ratios,0,33,20321827,26720220,5.0
estimator_innovation_variances,0,33,20321827,26720220,5.0
estimator_innovations,0,33,20321827,26720220,5.0
estimator_sensor_bias,0,7,20321827,26329179,1.0
estimator_status,0,636,20321827,26817979,97.8
input_rc,0,13,20328750,26309072,2.0
logger_status,0,7,20329662,26334748,1.0
manual_control_setpoint,0,33,20328750,26727206,5.0
mission,0,1,1194367328,1194367328,0.0
multirotor_motor_limits,0,7,20305482,26309981,1.0
position_setpoint_triplet,0,1,1425101,1425101,0.0
px4io_status,0,7,20265319,25874181,1.1
rate_ctrl_status,0,33,20327122,26727959,5.0
safety,0,8,19443729,26550546,1.0
sensor_accel,0,6,21312085,26312508,1.0
sensor_accel,1,6,21311183,26311146,1.0
sensor_accel,2,6,21311609,26311684,1.0
sensor_baro,0,6,21313387,26330900,1.0
sensor_baro,1,6,21314663,26323157,1.0
sensor_combined,0,1298,20326716,26822868,199.7
sensor_gyro,0,6,21312030,26312455,1.0
sensor_gyro,1,6,21311176,26311140,1.0
sensor_gyro,2,6,21311601,26311676,1.0
sensor_mag,0,6,21326876,26326872,1.0
sensor_mag,1,6,21310848,26330848,1.0
sensor_preflight,0,7,20219729,26632776,0.9
sensor_selection,0,1,1733500,1733500,0.0
system_power,0,13,20320221,26330224,2.0
telemetry_status,0,8,19459057,26486684,1.0
telemetry_status,1,8,19472131,25479662,1.2
test_motor,0,1,0,0,0.0
vehicle_air_data,0,120,20328449,26813814,18.3
vehicle_angular_acceleration,0,1811,20490862,26825709,285.7
vehicle_angular_velocity,0,1812,20327115,26825710,278.7
vehicle_attitude,0,1298,20326716,26822868,199.7
vehicle_attitude_setpoint,0,65,20322376,26725640,10.0
vehicle_command,0,1,8400835,8400835,0.0
vehicle_control_mode,0,14,20220672,26337649,2.1
vehicle_gps_position,0,32,20471648,26658637,5.0
vehicle_imu,0,12,20830708,26329664,2.0
vehicle_imu,1,12,20828704,26328727,2.0
vehicle_imu,2,12,20832234,26326629,2.0
vehicle_imu_status,0,6,21265669,26295418,1.0
vehicle_imu_status,1,7,20463709,26313730,1.0
vehicle_imu_status,2,6,21267297,26297006,1.0
vehicle_land_detected,0,11,19501444,25831469,1.6
vehicle_local_position,0,636,20321827,26817979,97.8
vehicle_magnetometer,0,319,20310847,26810846,48.9
vehicle_rates_setpoint,0,319,20327242,26813631,49.0
vehicle_status,0,14,20220673,26337650,2.1
vehicle_status_flags,0,14,20220679,26337656,2.1
vtol_vehicle_status,0,33,20327137,26727976,5.0
wind_estimate,0,8,20309013,26309011,1.2
wind_estimate,1,8,20309013,26309011,1.2
yaw_estimator_status,0,8,22785379,23821635,6.8
